model,episode_idx,frames,episode_total_s,obs_s,inference_s,action_s,wait_s,obs_pct,inference_pct,action_pct,wait_pct
so101_act_bottle_cs100,0,544,29.958492,4.565997,11.317215,1.433107,12.642173,15.241077,37.776317,4.783642,42.198964
so101_act_bottle_cs100,1,552,29.958549,4.341676,11.250349,1.468877,12.897646,14.492279,37.553051,4.903030,43.051639
so101_act_bottle_cs100,2,569,29.971877,3.726225,10.329146,1.472118,14.444388,12.432405,34.462794,4.911664,48.193137
so101_act_bottle_cs100,3,544,29.960211,5.228066,11.358847,1.471043,11.902255,17.450032,37.913107,4.909988,39.726872
so101_act_bottle_cs100,4,565,29.948506,5.411713,10.712517,1.407498,12.416779,18.070058,35.769787,4.699726,41.460429
so101_act_bottle_cs100,5,501,30.610816,3.917420,13.626621,1.241777,11.824998,12.797501,44.515707,4.056661,38.630131
so101_act_bottle_cs100,6,552,29.951278,4.738400,11.275789,1.348595,12.588494,15.820361,37.647104,4.502630,42.029905
so101_act_bottle_cs100,7,562,29.977298,4.978547,11.001289,1.392413,12.605049,16.607725,36.698733,4.644893,42.048648
so101_act_bottle_cs100,8,536,29.961731,3.760569,11.743973,1.490657,12.966532,12.551242,39.196577,4.975204,43.276977
so101_act_bottle_cs100,9,561,29.971594,4.905628,10.936797,1.479277,12.649892,16.367591,36.490543,4.935596,42.206270
so101_act_bottle_cs100,10,562,29.961391,4.629745,10.849039,1.569181,12.913425,15.452372,36.210064,5.237345,43.100220
so101_act_bottle_cs100,11,544,29.968291,4.224919,11.236873,1.302168,13.204332,14.097964,37.495875,4.345151,44.061010
so101_act_bottle_cs100,12,583,29.973099,5.310248,10.208513,1.436013,13.018325,17.716715,34.058916,4.791006,43.433363
so101_act_bottle_cs100,13,575,29.959953,4.722341,10.481808,1.494601,13.261203,15.762177,34.986063,4.988662,44.263099
so101_act_bottle_cs100,14,587,29.958009,4.604610,10.086373,1.433887,13.833139,15.370213,33.668368,4.786324,46.175096
so101_act_bottle_cs100,15,573,29.972644,4.366332,10.512884,1.488023,13.605405,14.567724,35.074929,4.964604,45.392743
so101_act_bottle_cs100,16,585,29.971048,5.094353,10.206547,1.524802,13.145346,16.997579,34.054689,5.087585,43.860147
so101_act_bottle_cs100,17,586,29.964769,4.413740,10.110080,1.477314,13.963634,14.729766,33.739890,4.930171,46.600174
so101_act_bottle_cs100,18,581,29.948862,4.567295,10.107153,1.566381,13.708034,15.250311,33.748036,5.230184,45.771469
so101_act_bottle_cs100,19,550,29.978266,4.936452,11.447005,1.525398,12.069410,16.466771,38.184347,5.088345,40.260536
so101_act_bottle_cs50,0,452,29.983670,3.556857,14.767295,1.058707,10.600810,11.862649,49.251127,3.530945,35.355280
so101_act_bottle_cs50,1,456,29.983790,3.514086,14.801345,1.182965,10.485393,11.719954,49.364490,3.945349,34.970207
so101_act_bottle_cs50,2,460,29.967227,3.536854,14.576774,1.104966,10.748633,11.802407,48.642384,3.687249,35.867960
so101_act_bottle_cs50,3,465,29.967492,3.267698,14.465911,1.016347,11.217536,10.904142,48.272011,3.391498,37.432349
so101_act_bottle_cs50,4,466,29.987151,3.401214,14.248718,1.078457,11.258763,11.342237,47.516077,3.596396,37.545291
so101_act_bottle_cs50,5,455,29.963825,3.027399,14.669571,1.064786,11.202068,10.103512,48.957606,3.553572,37.385309
so101_act_bottle_cs50,6,454,29.978677,3.284758,14.842280,1.069407,10.782232,10.956982,49.509456,3.567226,35.966336
so101_act_bottle_cs50,7,465,29.973404,3.625663,14.311590,1.067061,10.969091,12.096268,47.747628,3.560025,36.596079
so101_act_bottle_cs50,8,451,30.524714,3.203205,15.503625,1.085319,10.732566,10.493809,50.790400,3.555543,35.160249
so101_act_bottle_cs50,9,451,30.081306,3.207666,15.004365,1.131231,10.738044,10.663320,49.879368,3.760577,35.696734
so101_act_bottle_cs50,10,462,29.990002,3.189446,14.495147,1.064560,11.240849,10.635031,48.333265,3.549716,37.481987
so101_act_bottle_cs50,11,455,29.965487,3.369289,14.626063,1.196859,10.773276,11.243900,48.809696,3.994124,35.952280
so101_act_bottle_cs50,12,470,29.976263,2.763720,14.133825,1.215091,11.863627,9.219694,47.150057,4.053512,39.576738
so101_act_bottle_cs50,13,452,29.994764,3.173238,14.870051,1.147979,10.803496,10.579305,49.575491,3.827263,36.017941
so101_act_bottle_cs50,14,461,29.985907,2.908202,14.515590,1.143199,11.418916,9.698562,48.408040,3.812455,38.080943
so101_act_bottle_cs50,15,475,29.990875,2.812627,13.976463,1.105669,12.096117,9.378274,46.602385,3.686684,40.332657
so101_act_bottle_cs50,16,473,29.978801,3.374694,14.085046,1.075610,11.443451,11.256936,46.983355,3.587900,38.171809
so101_act_bottle_cs50,17,469,29.967479,3.919735,14.214693,1.075256,10.757795,13.079964,47.433729,3.588075,35.898232
so101_act_bottle_cs50,18,464,29.962408,2.805660,14.452059,1.072895,11.631795,9.363933,48.233970,3.580802,38.821295
so101_act_bottle_cs50,19,457,29.971161,3.052945,14.571049,1.160469,11.186698,10.186276,48.616897,3.871954,37.324873
so101_act_bottle_cs20,0,262,29.968213,1.637973,21.441105,0.631029,6.258106,5.465700,71.546159,2.105662,20.882479
so101_act_bottle_cs20,1,261,30.182277,1.661729,21.686481,0.608033,6.226035,5.505645,71.851704,2.014536,20.628115
so101_act_bottle_cs20,2,261,31.557946,1.700171,22.941921,0.664218,6.251636,5.387458,72.697765,2.104756,19.810022
so101_act_bottle_cs20,3,241,30.354087,1.608565,22.343530,0.611604,5.790389,5.299336,73.609625,2.014897,19.076142
so101_act_bottle_cs20,4,224,29.972614,1.415928,22.532515,0.555768,5.468403,4.724072,75.177010,1.854254,18.244664
so101_act_bottle_cs20,5,224,30.003799,1.683995,22.437873,0.561938,5.319993,5.612606,74.783440,1.872889,17.731064
so101_act_bottle_cs20,6,221,30.730273,1.506762,23.424054,0.564960,5.234496,4.903184,76.224688,1.838448,17.033680
so101_act_bottle_cs20,7,221,31.172763,1.816812,23.838234,0.521179,4.996538,5.828204,76.471355,1.671904,16.028537
so101_act_bottle_cs20,8,221,31.619703,1.615676,24.303405,0.616938,5.083684,5.109714,76.861587,1.951117,16.077582
so101_act_bottle_cs20,9,217,29.980232,1.510937,22.677478,0.563124,5.228692,5.039777,75.641437,1.878319,17.440466
so101_act_bottle_cs20,10,207,29.993608,1.398618,23.116061,0.559480,4.919450,4.663053,77.069957,1.865330,16.401660
so101_act_bottle_cs20,11,201,30.604823,1.766374,23.851548,0.596235,4.390666,5.771553,77.933953,1.948173,14.346321
so101_act_bottle_cs20,12,201,30.973212,1.502207,24.201462,0.536701,4.732842,4.850019,78.136752,1.732791,15.280438
so101_act_bottle_cs20,13,201,31.955002,1.459193,25.175233,0.503033,4.817543,4.566400,78.783388,1.574193,15.076020
so101_act_bottle_cs20,14,201,31.538133,1.707750,24.851649,0.515649,4.463085,5.414873,78.798732,1.635003,14.151393
so101_act_bottle_cs20,15,201,32.128043,1.855407,25.411357,0.585535,4.275744,5.775040,79.094010,1.822503,13.308448
so101_act_bottle_cs20,16,200,29.997585,1.874178,23.257618,0.654300,4.211488,6.247764,77.531634,2.181176,14.039425
so101_act_bottle_cs20,17,201,32.322411,1.498525,25.471013,0.593628,4.759245,4.636179,78.802950,1.836582,14.724289
so101_act_bottle_cs20,18,196,29.975702,1.666064,23.339522,0.559208,4.410908,5.558047,77.861472,1.865537,14.714944
so101_act_bottle_cs20,19,188,30.012495,2.109380,23.660854,0.589226,3.653035,7.028339,78.836679,1.963270,12.171712
so101_act_bottle_cs10,0,114,29.997220,0.731839,26.397365,0.309633,2.558383,2.439688,87.999372,1.032206,8.528733
so101_act_bottle_cs10,1,111,30.254193,0.725412,26.718844,0.339915,2.470022,2.397722,88.314516,1.123531,8.164231
so101_act_bottle_cs10,2,111,29.977075,0.703594,26.433959,0.345400,2.494122,2.347105,88.180582,1.152213,8.320099
so101_act_bottle_cs10,3,112,29.988359,0.790146,26.369614,0.312254,2.516344,2.634843,87.932835,1.041251,8.391071
so101_act_bottle_cs10,4,118,29.987542,0.800149,26.031096,0.425449,2.730848,2.668270,86.806369,1.418753,9.106608
so101_act_bottle_cs10,5,181,31.315506,0.751970,25.689506,0.326061,4.547969,2.401270,82.034459,1.041213,14.523058
so101_act_bottle_cs10,6,176,29.995889,0.811464,24.500851,0.351824,4.331749,2.705252,81.680698,1.172907,14.441143
so101_act_bottle_cs10,7,180,29.995063,0.819022,24.386976,0.358740,4.430326,2.730521,81.303298,1.195997,14.770183
so101_act_bottle_cs10,8,181,31.086209,0.924651,25.390807,0.379845,4.390906,2.974472,81.678685,1.221910,14.124933
so101_act_bottle_cs10,9,181,31.266492,0.848075,25.543775,0.312743,4.561899,2.712409,81.696966,1.000248,14.590377
so101_act_bottle_cs10,10,181,31.226274,0.846693,25.541870,0.348158,4.489553,2.711476,81.796088,1.114951,14.377485
so101_act_bottle_cs10,11,171,30.120915,0.935177,24.837792,0.317979,4.029966,3.104743,82.460286,1.055677,13.379294
so101_act_bottle_cs10,12,177,29.985680,0.788617,24.460280,0.362196,4.374586,2.629978,81.573205,1.207898,14.588918
so101_act_bottle_cs10,13,171,30.089916,0.851030,24.795120,0.326698,4.117068,2.828290,82.403421,1.085738,13.682551
so101_act_bottle_cs10,14,171,30.426549,0.741473,25.056135,0.352489,4.276452,2.436928,82.349578,1.158490,14.055003
so101_act_bottle_cs10,15,171,30.138676,0.922031,24.788990,0.328115,4.099540,3.059295,82.249766,1.088683,13.602257
so101_act_bottle_cs10,16,171,30.228144,0.874470,24.844055,0.391165,4.118454,2.892901,82.188490,1.294042,13.624566
so101_act_bottle_cs10,17,171,30.095129,0.775891,24.731676,0.285001,4.302561,2.578128,82.178335,0.947001,14.296536
so101_act_bottle_cs10,18,173,29.999824,0.716060,24.668297,0.335241,4.280227,2.386879,82.228137,1.117477,14.267506
so101_act_bottle_cs10,19,171,29.987982,0.856489,24.711195,0.317635,4.102664,2.856106,82.403660,1.059206,13.681027
so101_act_bottle_cs5,0,101,31.080193,0.419822,28.244993,0.161805,2.253572,1.350772,90.877791,0.520606,7.250831
so101_act_bottle_cs5,1,101,30.542784,0.407757,27.720392,0.139119,2.275516,1.335036,90.759218,0.455491,7.450256
so101_act_bottle_cs5,2,101,30.158887,0.345819,27.324561,0.170463,2.318043,1.146658,90.602021,0.565217,7.686104
so101_act_bottle_cs5,3,101,30.483527,0.395703,27.631317,0.156807,2.299700,1.298087,90.643438,0.514398,7.544076
so101_act_bottle_cs5,4,101,30.237866,0.437388,27.359669,0.126961,2.313847,1.446490,90.481484,0.419875,7.652151
so101_act_bottle_cs5,5,101,30.176721,0.348176,27.369825,0.170532,2.288187,1.153791,90.698473,0.565112,7.582624
so101_act_bottle_cs5,6,101,30.195119,0.420426,27.370540,0.133941,2.270213,1.392365,90.645575,0.443584,7.518476
so101_act_bottle_cs5,7,101,30.345539,0.493697,27.499937,0.165991,2.185916,1.626916,90.622666,0.547002,7.203416
so101_act_bottle_cs5,8,101,29.994371,0.426997,27.164548,0.160450,2.242375,1.423590,90.565489,0.534935,7.475987
so101_act_bottle_cs5,9,101,30.329754,0.376345,27.430940,0.156728,2.365742,1.240843,90.442342,0.516746,7.800069
so101_act_bottle_cs5,10,101,30.219545,0.454420,27.380036,0.146001,2.239087,1.503728,90.603735,0.483136,7.409401
so101_act_bottle_cs5,11,101,30.626171,0.401910,27.773962,0.130786,2.319512,1.312310,90.687021,0.427040,7.573629
so101_act_bottle_cs5,12,101,30.241165,0.403671,27.413051,0.149957,2.274486,1.334839,90.648133,0.495870,7.521158
so101_act_bottle_cs5,13,101,30.382388,0.360120,27.579640,0.153022,2.289607,1.185291,90.775089,0.503654,7.535966
so101_act_bottle_cs5,14,101,30.487050,0.412140,27.680220,0.150004,2.244686,1.351853,90.793369,0.492024,7.362754
so101_act_bottle_cs5,15,104,30.013965,0.346219,27.088440,0.157370,2.421936,1.153526,90.252789,0.524322,8.069363
so101_act_bottle_cs5,16,101,30.159028,0.428640,27.291271,0.157194,2.281924,1.421266,90.491214,0.521216,7.566304
so101_act_bottle_cs5,17,101,30.041725,0.388347,27.211723,0.154639,2.287016,1.292692,90.579760,0.514749,7.612799
so101_act_bottle_cs5,18,101,30.964379,0.457618,28.079426,0.189236,2.238099,1.477884,90.682995,0.611142,7.227979
so101_act_bottle_cs5,19,101,30.386708,0.433846,27.554453,0.129872,2.268536,1.427751,90.679298,0.427398,7.465554
so101_act_bottle_cs3,0,61,30.086605,0.254430,28.602855,0.079287,1.150033,0.845659,95.068404,0.263528,3.822409
so101_act_bottle_cs3,1,64,30.153717,0.237757,28.641906,0.075883,1.198171,0.788482,94.986321,0.251654,3.973542
so101_act_bottle_cs3,2,67,30.729875,0.251092,29.125807,0.060814,1.292162,0.817093,94.780101,0.197899,4.204906
so101_act_bottle_cs3,3,67,31.195415,0.250803,29.569871,0.075926,1.298814,0.803974,94.789159,0.243390,4.163477
so101_act_bottle_cs3,4,55,30.430701,0.240144,29.066009,0.065073,1.059476,0.789150,95.515408,0.213841,3.481601
so101_act_bottle_cs3,5,49,30.682785,0.162488,29.539116,0.050824,0.930357,0.529574,96.272603,0.165643,3.032180
so101_act_bottle_cs3,6,64,31.190705,0.249978,29.608498,0.075781,1.256448,0.801449,94.927313,0.242960,4.028278
so101_act_bottle_cs3,7,64,30.044154,0.221137,28.497536,0.069619,1.255862,0.736041,94.852183,0.231723,4.180053
so101_act_bottle_cs3,8,62,28.741255,0.268685,27.193427,0.060784,1.218358,0.934842,94.614614,0.211488,4.239057
so101_act_bottle_cs3,9,64,30.054985,0.237236,28.511204,0.072847,1.233698,0.789339,94.863477,0.242379,4.104804
so101_act_bottle_cs3,10,64,30.067929,0.216298,28.527371,0.063539,1.260721,0.719366,94.876407,0.211319,4.192909
so101_act_bottle_cs3,11,67,31.175133,0.274770,29.539526,0.081543,1.279294,0.881375,94.753489,0.261563,4.103573
so101_act_bottle_cs3,12,64,30.208661,0.203055,28.467582,0.282565,1.255460,0.672174,94.236490,0.935377,4.155959
so101_act_bottle_cs3,13,65,29.993751,0.222828,28.407465,0.065327,1.298131,0.742915,94.711279,0.217802,4.328004
so101_act_bottle_cs3,14,64,30.611248,0.282414,29.057753,0.080173,1.190908,0.922582,94.925085,0.261907,3.890426
so101_act_bottle_cs3,15,65,29.984912,0.224506,28.412570,0.080832,1.267005,0.748731,94.756221,0.269575,4.225474
so101_act_bottle_cs3,16,64,30.279666,0.214711,28.760637,0.086847,1.217471,0.709093,94.983336,0.286816,4.020754
so101_act_bottle_cs3,17,66,29.994147,0.211990,28.396579,0.077658,1.307920,0.706770,94.673735,0.258911,4.360584
so101_act_bottle_cs3,18,67,30.863399,0.234791,29.232331,0.059174,1.337103,0.760741,94.715203,0.191730,4.332325
so101_act_bottle_cs3,19,64,30.375615,0.232171,28.843932,0.074489,1.225023,0.764332,94.957526,0.245228,4.032914
so101_act_bottle_cs1,0,24,30.419294,0.083365,30.319247,0.016480,0.000201,0.274054,99.671108,0.054177,0.000661
so101_act_bottle_cs1,1,26,31.060487,0.083845,30.957661,0.018754,0.000227,0.269941,99.668951,0.060378,0.000730
so101_act_bottle_cs1,2,26,30.857552,0.092611,30.745159,0.019442,0.000341,0.300124,99.635768,0.063004,0.001104
so101_act_bottle_cs1,3,23,30.608063,0.077626,27.347697,3.182468,0.000272,0.253612,89.348016,10.397484,0.000888
so101_act_bottle_cs1,4,25,30.058030,0.083762,29.951829,0.022204,0.000235,0.278669,99.646681,0.073869,0.000781
so101_act_bottle_cs1,5,25,30.355771,0.079921,30.256053,0.019538,0.000259,0.263280,99.671504,0.064363,0.000853
so101_act_bottle_cs1,6,25,30.233721,0.074149,30.141834,0.017405,0.000333,0.245252,99.696079,0.057567,0.001101
so101_act_bottle_cs1,7,26,30.992944,0.088053,30.885325,0.019314,0.000251,0.284107,99.652765,0.062318,0.000811
so101_act_bottle_cs1,8,26,30.986374,0.075811,30.893364,0.016977,0.000221,0.244660,99.699837,0.054789,0.000714
so101_act_bottle_cs1,9,26,31.015467,0.108899,30.888450,0.017824,0.000294,0.351113,99.590470,0.057467,0.000949
so101_act_bottle_cs1,10,20,30.032581,0.072374,23.976068,5.983949,0.000190,0.240986,79.833523,19.924859,0.000631
so101_act_bottle_cs1,11,25,30.061553,0.097925,29.943902,0.019495,0.000231,0.325749,99.608632,0.064851,0.000768
so101_act_bottle_cs1,12,24,28.557620,0.076600,28.464586,0.016220,0.000214,0.268230,99.674222,0.056799,0.000750
so101_act_bottle_cs1,13,25,30.084810,0.082748,29.984084,0.017743,0.000236,0.275049,99.665191,0.058975,0.000785
so101_act_bottle_cs1,14,23,27.450747,0.069835,27.365361,0.015348,0.000202,0.254401,99.688949,0.055913,0.000737
so101_act_bottle_cs1,15,26,31.259944,0.085149,31.156413,0.018147,0.000235,0.272390,99.668807,0.058052,0.000751
so101_act_bottle_cs1,16,25,30.516309,0.091256,30.402494,0.022304,0.000256,0.299039,99.627036,0.073088,0.000838
so101_act_bottle_cs1,17,25,30.169342,0.069571,30.082362,0.017187,0.000222,0.230603,99.711693,0.056969,0.000736
so101_act_bottle_cs1,18,23,30.899519,0.077559,27.597595,3.224145,0.000221,0.251003,89.313994,10.434288,0.000715
so101_act_bottle_cs1,19,26,30.989303,0.073951,30.893714,0.021398,0.000240,0.238635,99.691541,0.069049,0.000775
teleop,0,158,5.679672,1.342674,0.872066,0.473475,2.991458,23.639985,15.354155,8.336303,52.669557
teleop,0,129,4.545432,0.857283,0.636603,0.384388,2.667159,18.860308,14.005328,8.456578,58.677787
teleop,0,187,6.557472,1.227875,0.788555,0.473141,4.067901,18.724817,12.025289,7.215303,62.034591
teleop,1,240,8.362332,1.676439,1.061489,0.577038,5.047366,20.047502,12.693700,6.900446,60.358351
teleop,2,228,8.176339,2.135513,1.077556,0.681478,4.281792,26.118210,13.178953,8.334751,52.368086
teleop,3,260,9.195049,1.960233,1.213213,0.651343,5.370260,21.318350,13.194203,7.083624,58.403823
teleop,4,245,8.614843,1.927678,1.221343,0.639556,4.826267,22.376236,14.177192,7.423887,56.022685
teleop,5,262,9.185551,1.969858,1.244997,0.676327,5.294368,21.445182,13.553864,7.362949,57.638004
teleop,6,245,8.647717,1.809450,1.054742,0.595753,5.187772,20.924023,12.196772,6.889131,59.990074
teleop,7,249,8.856646,1.698338,1.166863,0.693965,5.297480,19.175855,13.175004,7.835523,59.813618
teleop,8,236,8.288538,1.695558,1.063002,0.625587,4.904390,20.456664,12.824967,7.547616,59.170752
teleop,9,191,6.727170,1.385547,0.756772,0.529971,4.054880,20.596278,11.249478,7.878072,60.276171
teleop,10,208,7.338056,1.310278,0.979944,0.504241,4.543593,17.855933,13.354269,6.871584,61.918214
teleop,11,194,6.781957,1.292028,0.853323,0.532794,4.103813,19.050962,12.582248,7.856043,60.510747
teleop,12,226,7.819137,2.355445,0.932549,0.533702,3.997441,30.124104,11.926489,6.825587,51.123819
teleop,13,190,6.665418,1.796710,0.790598,0.480772,3.597337,26.955707,11.861193,7.212932,53.970168
teleop,14,148,5.155255,1.035885,0.605611,0.342359,3.171400,20.093775,11.747440,6.640978,61.517807
teleop,15,188,6.576261,1.142838,0.852134,0.452926,4.128364,17.378235,12.957722,6.887281,62.776761
teleop,16,194,6.822336,1.786859,0.823764,0.449057,3.762655,26.191313,12.074521,6.582164,55.152002
teleop,17,164,5.738712,1.220544,0.589637,0.351069,3.577461,21.268611,10.274731,6.117558,62.339100
teleop,18,163,5.737253,1.105272,0.700221,0.393766,3.537994,19.264833,12.204809,6.863322,61.667037
teleop,19,197,6.851815,1.896628,0.755375,0.475416,3.724397,27.680663,11.024449,6.938542,54.356346
teleop,20,203,7.168961,1.835593,0.789456,0.513857,4.030055,25.604734,11.012134,7.167809,56.215323
teleop,21,219,7.611183,1.971786,0.907546,0.481118,4.250732,25.906435,11.923851,6.321203,55.848510
teleop,22,168,5.861727,1.220112,0.792696,0.457455,3.391464,20.814883,13.523251,7.804108,57.857758
teleop,23,161,5.564595,1.170998,0.743407,0.290066,3.360125,21.043716,13.359586,5.212701,60.383998
teleop,24,205,7.203637,1.376333,1.010828,0.578095,4.238381,19.106087,14.032183,8.025045,58.836685
teleop,25,171,5.993027,1.359603,0.701095,0.411042,3.521286,22.686418,11.698518,6.858675,58.756388
teleop,26,183,6.421166,1.282497,0.765312,0.420796,3.952561,19.972962,11.918588,6.553257,61.555193
teleop,27,215,7.461144,1.256483,0.780810,0.479621,4.944231,16.840349,10.465014,6.428249,66.266389
teleop,28,165,5.748580,1.550586,0.741850,0.326249,3.129894,26.973377,12.904935,5.675303,54.446386
teleop,29,182,6.382840,1.548610,0.713525,0.432324,3.688381,24.262086,11.178801,6.773223,57.785889
teleop,29,115,3.973299,0.729671,0.483178,0.253253,2.507197,18.364355,12.160637,6.373869,63.101140
teleop,29,242,8.425785,2.085176,1.028725,0.489664,4.822219,24.747555,12.209254,5.811497,57.231694
teleop,30,164,5.729280,1.074360,0.743525,0.366126,3.545269,18.752091,12.977639,6.390436,61.879834
teleop,31,173,5.961723,0.883939,0.696946,0.363529,4.017309,14.826901,11.690346,6.097721,67.385032
teleop,32,200,6.953096,2.251552,0.878576,0.456702,3.366265,32.382003,12.635757,6.568330,48.413910
teleop,33,193,6.863771,1.356706,0.957501,0.495798,4.053766,19.766187,13.950072,7.223403,59.060338
teleop,34,173,5.967307,1.643596,0.689965,0.413692,3.220054,27.543348,11.562423,6.932641,53.961588
teleop,35,150,5.218821,1.063509,0.638118,0.365461,3.151733,20.378342,12.227250,7.002749,60.391659
teleop,36,162,5.693702,1.105210,0.679281,0.461540,3.447670,19.411097,11.930401,8.106154,60.552348
teleop,37,122,4.295949,0.988290,0.513847,0.295816,2.497995,23.005164,11.961200,6.885938,58.147697
teleop,37,192,6.686506,1.314486,0.771068,0.407380,4.193572,19.658782,11.531703,6.092574,62.716941
teleop,37,188,6.591690,1.408730,0.719551,0.391692,4.071718,21.371300,10.916027,5.942204,61.770469
teleop,37,86,3.004462,0.781787,0.327821,0.168149,1.726704,26.020877,10.911138,5.596658,57.471327
teleop,37,161,5.700836,1.583966,0.717870,0.371984,3.027016,27.784798,12.592359,6.525080,53.097764
teleop,38,159,5.479019,1.242636,0.720956,0.327921,3.187506,22.679893,13.158494,5.985024,58.176590
teleop,39,157,5.556728,1.382643,0.729575,0.397696,3.046814,24.882319,13.129584,7.157019,54.831078
teleop,40,103,3.655385,0.950207,0.463581,0.219753,2.021845,25.994717,12.682127,6.011753,55.311403
teleop,41,135,4.724291,1.116550,0.635217,0.274637,2.697887,23.634237,13.445767,5.813288,57.106708
teleop,42,120,4.170898,1.091117,0.500146,0.315998,2.263637,26.160234,11.991321,7.576258,54.272187
teleop,43,148,5.177866,1.094356,0.594720,0.322270,3.166520,21.135273,11.485819,6.223995,61.154913
teleop,44,169,5.892042,1.075960,0.770917,0.416870,3.628295,18.261243,13.084035,7.075134,61.579588
teleop,45,158,5.528246,1.026412,0.723789,0.359949,3.418096,18.566687,13.092560,6.511090,61.829662
teleop,46,147,5.159054,1.102328,0.647581,0.382319,3.026827,21.366861,12.552315,7.410637,58.670187
teleop,47,111,3.851683,0.836490,0.454834,0.248023,2.312336,21.717518,11.808709,6.439334,60.034438
teleop,48,127,4.461873,1.087574,0.556734,0.317055,2.500509,24.374842,12.477591,7.105869,56.041699
teleop,49,150,5.358346,1.402017,0.653734,0.330273,2.972323,26.165111,12.200286,6.163703,55.470899
so101_act_bottle_push,0,743,39.943902,6.142053,14.935592,1.955922,16.910334,15.376699,37.391421,4.896673,42.335208
so101_act_bottle_push,1,770,39.954081,6.597557,13.956014,1.810153,17.590357,16.512848,34.930134,4.530584,44.026434
so101_act_bottle_push,2,763,39.942749,4.722282,14.359813,2.028688,18.831967,11.822627,35.950987,5.078988,47.147398
so101_act_bottle_push,3,727,39.942951,6.176759,15.388765,1.820344,16.557083,15.463953,38.526860,4.557359,41.451828
so101_act_bottle_push,4,740,39.951732,5.666181,15.142339,1.809505,17.333707,14.182566,37.901585,4.529227,43.386622
so101_act_bottle_push,5,803,39.939463,5.753911,12.836018,1.692280,19.657253,14.406581,32.138686,4.237113,49.217620
so101_act_bottle_push,6,805,39.963064,4.920008,12.678641,1.886143,20.478272,12.311389,31.725898,4.719715,51.242998
so101_act_bottle_push,7,801,39.977397,4.866127,12.998656,1.745599,20.367015,12.172196,32.515012,4.366465,50.946327
so101_act_bottle_push,8,803,39.939464,5.194057,12.828581,1.760481,20.156345,13.004824,32.120062,4.407874,50.467240
so101_act_bottle_push,9,816,39.937548,5.512917,12.639259,1.749353,20.036018,13.803846,31.647560,4.380221,50.168374
teleop,58,512,17.991054,3.949225,2.161282,1.284444,10.596104,21.951047,12.013090,7.139348,58.896515
teleop,58,827,28.970122,5.799308,3.606957,2.030909,17.532948,20.018239,12.450610,7.010356,60.520794
teleop,58,583,20.525082,4.528848,2.538156,1.435943,12.022134,22.064946,12.366119,6.996041,58.572894
teleop,58,879,30.788398,7.338254,3.619446,2.077416,17.753281,23.834479,11.755878,6.747399,57.662245
teleop,59,622,22.086029,4.907893,2.753442,1.628314,12.796380,22.221708,12.466896,7.372596,57.938800
teleop,59,916,32.204943,6.768477,3.863240,2.041400,19.531826,21.016890,11.995799,6.338777,60.648535
teleop,60,849,29.855819,5.786535,3.779316,2.181454,18.108515,19.381598,12.658557,7.306628,60.653217
teleop,61,290,10.228992,2.332686,1.387539,0.791542,5.717226,22.804649,13.564770,7.738216,55.892365
teleop,61,231,8.111996,1.720454,0.927464,0.511082,4.952996,21.208768,11.433242,6.300325,61.057666
teleop,61,522,18.355023,3.697363,2.162714,1.286650,11.208297,20.143603,11.782681,7.009797,61.063920
teleop,61,59,2.021883,0.314157,0.203020,0.077657,1.427049,15.537859,10.041113,3.840806,70.580222
teleop,61,772,26.925271,5.621134,3.095933,1.649049,16.559154,20.876797,11.498244,6.124540,61.500418
teleop,62,711,24.816406,5.073206,3.042516,1.749799,14.950884,20.442952,12.260100,7.050978,60.245969
teleop,63,486,17.073839,3.286148,2.209121,1.205180,10.373390,19.246683,12.938633,7.058633,60.756052
teleop,63,90,3.165094,0.619627,0.398307,0.227016,1.920143,19.576908,12.584373,7.172478,60.666240
teleop,63,836,29.315343,6.531738,3.551071,2.001776,17.230758,22.280955,12.113351,6.828426,58.777269
teleop,64,498,17.540040,2.892777,2.248014,1.243548,11.155701,16.492419,12.816469,7.089769,63.601343
teleop,64,132,4.630851,1.133695,0.476451,0.259822,2.760882,24.481366,10.288623,5.610686,59.619326
teleop,64,508,17.807220,3.264177,2.061299,1.127312,11.354432,18.330636,11.575635,6.330646,63.763083
teleop,64,23,0.790752,0.142949,0.107780,0.037306,0.502718,18.077549,13.630051,4.717729,63.574672
teleop,64,642,22.969967,6.787664,2.523326,1.261787,12.397190,29.550167,10.985328,5.493205,53.971299
teleop,64,290,11.642661,8.898828,1.236922,0.710041,0.796871,76.432935,10.624051,6.098611,6.844403
teleop,64,314,12.505379,8.578848,1.345480,0.830159,1.750892,68.601262,10.759207,6.638418,14.001113
teleop,64,739,25.863799,4.644775,3.143417,1.835139,16.240468,17.958596,12.153734,7.095395,62.792275
teleop,65,743,26.105458,4.471035,3.161081,1.837911,16.635431,17.126821,12.108888,7.040333,63.723957
teleop,66,701,24.753902,4.164609,3.021985,1.790674,15.776634,16.824049,12.208115,7.233908,63.733928
teleop,67,771,27.241633,5.188123,3.452367,2.096597,16.504547,19.044830,12.673126,7.696297,60.585747
teleop,67,492,17.307349,3.859247,1.928400,1.137325,10.382378,22.298315,11.142086,6.571339,59.988260
teleop,67,611,21.392510,4.379907,2.602843,1.378485,13.031276,20.474021,12.167075,6.443772,60.915132
teleop,68,618,21.665655,4.047744,2.590680,1.358130,13.669101,18.682769,11.957541,6.268585,63.091105
teleop,68,344,12.029773,2.448455,1.498485,0.845461,7.237372,20.353298,12.456470,7.028069,60.162164
teleop,68,381,13.360888,2.097074,1.640908,0.921936,8.700970,15.695619,12.281428,6.900260,65.122693
teleop,68,747,26.135589,5.169116,3.247975,1.624639,16.093859,19.778075,12.427402,6.216193,61.578330
teleop,69,820,28.801022,5.014603,3.504261,2.067729,18.214428,17.411198,12.167142,7.179361,63.242298
teleop,70,686,24.097935,4.634904,3.066684,1.708851,14.687497,19.233615,12.725920,7.091274,60.949191
teleop,71,760,26.617802,4.592177,3.136597,1.882281,17.006748,17.252276,11.783830,7.071512,63.892382
teleop,72,702,24.695556,5.088438,2.901548,1.680619,15.024951,20.604669,11.749271,6.805351,60.840709
teleop,73,691,24.388999,4.775126,3.030928,1.807636,14.775309,19.579017,12.427440,7.411686,60.581857
teleop,73,529,18.705751,4.443588,2.249113,1.296247,10.716803,23.755197,12.023647,6.929670,57.291486
teleop,73,481,16.857923,3.045483,2.053160,1.237553,10.521727,18.065587,12.179197,7.341077,62.414139
teleop,73,672,23.456761,3.813841,2.914517,1.600960,15.127443,16.259027,12.425060,6.825153,64.490760
teleop,74,629,22.155788,3.771745,2.654442,1.796096,13.933504,17.023747,11.980808,8.106668,62.888777
teleop,75,733,25.720609,5.330834,3.208258,1.513224,15.668293,20.725926,12.473491,5.883312,60.917272
teleop,76,663,23.196008,4.917250,3.064864,1.510254,13.703640,21.198690,13.212894,6.510837,59.077579
teleop,77,514,18.115667,3.575018,2.229310,1.198017,11.113323,19.734399,12.305977,6.613152,61.346472
teleop,77,625,21.678752,5.087879,2.709949,1.240022,12.640903,23.469428,12.500482,5.719986,58.310104
teleop,78,236,8.205200,1.691991,1.101844,0.598285,4.813081,20.620956,13.428610,7.291529,58.658905
teleop,78,783,27.350180,5.340521,3.374245,1.639874,16.995540,19.526456,12.337194,5.995845,62.140505
teleop,79,360,12.534974,2.876299,1.642007,0.807728,7.208941,22.946188,13.099403,6.443793,57.510617
teleop,79,340,11.929097,2.228057,1.415448,0.711676,7.573917,18.677501,11.865504,5.965879,63.491115
teleop,79,656,22.856740,4.188552,2.906417,1.355194,14.406578,18.325238,12.715796,5.929079,63.029887
teleop,80,379,13.253211,3.429015,1.610105,0.723673,7.490417,25.873091,12.148793,5.460362,56.517754
teleop,80,805,28.247923,6.037728,3.674399,1.817427,16.718369,21.374060,13.007678,6.433842,59.184420
teleop,81,235,8.148282,1.673789,0.910728,0.534345,5.029420,20.541624,11.176936,6.557759,61.723681
teleop,81,243,8.446729,1.368658,1.002995,0.639762,5.435314,16.203410,11.874355,7.574081,64.348154
teleop,81,801,27.928576,4.917566,3.478187,1.859707,17.673115,17.607652,12.453863,6.658798,63.279687
teleop,82,449,15.728839,3.629584,1.915773,1.118330,9.065152,23.075980,12.180005,7.110060,57.633955
teleop,82,580,20.263906,4.898275,2.424855,1.260774,11.680003,24.172412,11.966375,6.221770,57.639442
teleop,82,418,14.901839,3.068428,2.014063,1.006909,8.812439,20.590935,13.515535,6.756943,59.136587
teleop,82,705,24.660809,5.106526,3.208331,1.602828,14.743125,20.707048,13.009837,6.499493,59.783621
teleop,83,646,22.575574,5.242802,2.528267,1.353917,13.450588,23.223338,11.199128,5.997265,59.580270
teleop,84,509,17.779328,4.097055,2.294349,1.141577,10.246347,23.043925,12.904587,6.420808,57.630679
teleop,84,58,2.034794,0.269037,0.276697,0.102898,1.386162,13.221852,13.598275,5.056901,68.122973
teleop,84,346,12.070264,1.950862,1.658363,0.846064,7.614974,16.162545,13.739247,7.009495,63.088714
teleop,84,825,28.905335,5.947751,3.715742,1.770587,17.471254,20.576656,12.854865,6.125469,60.443009
teleop,85,648,22.719223,5.359092,2.693292,1.365516,13.301323,23.588357,11.854684,6.010401,58.546557
teleop,86,589,20.505408,4.067845,2.474974,1.488859,12.473729,19.837915,12.069858,7.260813,60.831413
teleop,87,734,25.607134,4.873431,3.232125,1.799201,15.702377,19.031537,12.621970,7.026169,61.320324
teleop,88,707,24.634236,5.584607,3.141801,1.600155,14.307674,22.670104,12.753798,6.495655,58.080444
teleop,89,764,27.200059,7.152756,3.183703,1.588484,15.275118,26.296838,11.704763,5.840000,56.158398
teleop,90,623,21.785662,4.584726,2.867981,1.453116,12.879839,21.044696,13.164535,6.670055,59.120714
teleop,91,703,25.086193,5.952947,3.054957,1.450804,14.627485,23.729975,12.177843,5.783277,58.308905
teleop,92,691,24.288562,4.604475,2.955343,1.657509,15.071235,18.957379,12.167634,6.824235,62.050752
teleop,93,304,10.849705,2.749802,1.174279,0.578494,6.347130,25.344483,10.823144,5.331891,58.500482
teleop,93,624,23.445882,6.408317,3.032188,1.551577,12.453800,27.332379,12.932709,6.617695,53.117217
teleop,94,493,18.111179,3.550954,2.295093,1.295473,10.969658,19.606423,12.672247,7.152894,60.568435
teleop,94,486,17.019405,4.423453,2.072471,0.970387,9.553094,25.990641,12.177107,5.701652,56.130600
teleop,94,78,2.721068,0.571060,0.348347,0.182766,1.618895,20.986594,12.801853,6.716706,59.494847
teleop,94,253,8.893180,1.912048,1.085881,0.657682,5.237570,21.500165,12.210263,7.395349,58.894223
teleop,94,681,27.114328,7.063073,3.096786,1.677494,15.276975,26.049226,11.421218,6.186744,56.342813
teleop,95,699,24.658468,5.203702,3.088777,1.565228,14.800762,21.103103,12.526231,6.347629,60.023038
teleop,96,447,15.809139,3.156003,2.162121,1.073253,9.417762,19.963153,13.676398,6.788815,59.571634
teleop,96,603,21.113004,4.503733,2.631229,1.240199,12.737844,21.331558,12.462600,5.874099,60.331744
teleop,97,581,20.556831,4.251296,2.612197,1.344978,12.348361,20.680698,12.707196,6.542729,60.069378
teleop,98,199,7.023129,1.223529,1.005701,0.474554,4.319345,17.421429,14.319845,6.757011,61.501715
teleop,98,713,24.788039,5.114177,3.271103,1.554617,14.848142,20.631634,13.196298,6.271640,59.900428
teleop,99,701,24.362104,4.486307,2.988380,1.553500,15.333917,18.415105,12.266512,6.376705,62.941678
teleop,100,248,8.659492,1.892066,1.012769,0.622522,5.132136,21.849620,11.695475,7.188894,59.266011
teleop,100,656,23.004625,4.897580,2.893463,1.473658,13.739924,21.289544,12.577744,6.405922,59.726790
teleop,101,653,22.727386,4.865991,2.756261,1.484610,13.620524,21.410255,12.127487,6.532250,59.930008
teleop,102,268,9.312224,1.387228,1.067933,0.568792,6.288271,14.896852,11.468072,6.108018,67.527057
teleop,102,669,23.346269,4.811110,3.006894,1.484163,14.044102,20.607617,12.879548,6.357175,60.155661
teleop,103,704,24.647845,5.185228,3.317580,1.534516,14.610521,21.037247,13.459919,6.225761,59.277072
teleop,104,486,17.314572,5.228305,1.930095,1.108861,9.047311,30.195981,11.147226,6.404209,52.252584
teleop,104,796,27.819201,6.025650,3.586809,1.754554,16.452188,21.660041,12.893284,6.306988,59.139687
teleop,104,240,8.681189,2.203767,1.311926,0.797584,4.367913,25.385543,15.112282,9.187495,50.314680
teleop,154,408,14.504683,2.734956,1.676215,1.036006,9.057507,18.855677,11.556368,7.142559,62.445396
teleop,154,619,21.714255,5.044437,2.578587,1.479991,12.611239,23.230993,11.875088,6.815760,58.078160
teleop,155,702,24.651965,4.706463,2.942226,1.786487,15.216789,19.091635,11.935055,7.246836,61.726474
teleop,155,418,14.823209,2.669323,1.747489,0.945498,9.460899,18.007729,11.788870,6.378496,63.824904
teleop,155,660,23.264843,4.507914,2.656511,1.646346,14.454072,19.376508,11.418563,7.076539,62.128390
teleop,156,694,24.460765,4.557756,2.776119,1.746303,15.380588,18.632924,11.349272,7.139201,62.878603
teleop,157,678,23.696580,5.054872,2.634124,1.596817,14.410767,21.331651,11.116053,6.738597,60.813699
teleop,161,222,7.938046,1.606371,0.822298,0.423225,5.086152,20.236352,10.358950,5.331598,64.073099
teleop,161,503,18.232372,4.788516,2.270265,1.419681,9.753909,26.263814,12.451838,7.786596,53.497753
teleop,161,716,25.715039,5.257424,3.382762,2.197922,14.876931,20.444940,13.154800,8.547223,57.853038
so101_act_bottle_classification,0,901,60.868779,5.333697,30.598862,1.656588,23.279633,8.762615,50.270208,2.721573,38.245605
so101_act_bottle_classification,1,1144,59.948681,7.589015,21.187661,2.547844,28.624161,12.659186,35.342998,4.250041,47.747775
so101_act_bottle_classification,2,1101,60.769800,8.101556,23.474396,2.357873,26.835974,13.331550,38.628391,3.880008,44.160050
so101_act_bottle_classification_cs50,0,901,60.185696,6.516692,30.036776,2.102429,21.529799,10.827643,49.906835,3.493238,35.772285
so101_act_bottle_classification_cs50,1,901,60.350906,6.283876,30.048078,2.089244,21.929709,10.412231,49.788942,3.461827,36.337000
so101_act_bottle_classification_cs50,2,951,61.300610,7.024355,29.387462,2.079564,22.809229,11.458867,47.939917,3.392404,37.208812
so101_act_bottle_classification_cs50,3,951,60.770068,6.707283,28.936827,2.287972,22.837986,11.037149,47.616907,3.764966,37.580979
so101_act_bottle_classification_cs50,4,901,60.204960,5.896090,29.948220,1.885044,22.475605,9.793363,49.743776,3.131045,37.331817
so101_act_bottle_classification_cs50,5,953,59.929580,6.042885,27.901877,2.078170,23.906647,10.083310,46.557771,3.467687,39.891231
so101_act_bottle_classification_cs50,6,951,60.670751,6.775334,28.966972,2.111043,22.817403,11.167381,47.744541,3.479506,37.608572
so101_act_bottle_classification_cs200,0,1328,59.916527,10.751732,15.092007,3.017389,31.055400,17.944517,25.188388,5.035987,51.831108
so101_act_bottle_classification,3,1163,59.906176,8.240320,20.563609,2.742660,28.359587,13.755376,34.326359,4.578260,47.340006
